crevinpro,0e690fb7-6c94-3df7-b8cd-519ba8673302
huehua,58627a62-385b-3c04-8a12-b08ad6108476
_manufpvp,ecb1ea40-39d1-3da8-9d10-7efc61b4a70c
yochiwarez,13acfebb-e93c-3a98-bc51-8435c863bb04
zarzoso11,f2c45bd3-d925-3b41-9270-ec8b555a075d
colometix,bac2a5db-7cf1-30bb-9293-f328d5342f04
ch4rlych4rly,16c6c096-01ba-3a56-a28d-e87c4f7b4b6d
thebosses,f1e721ab-873f-3e55-bcde-dce81b03f860
digumet88_didac,a1dc06c3-9dc2-305c-88db-f60f72132a52
michaelhdf_,11ff797e-d018-3a04-a33a-2c4935662af9
jonacst,63e24f43-bde2-3035-9e81-ddaa261856b0
yochitest,9b3c828c-a4bd-3b6a-bf45-507b561c8131
josesito1234,0f63d4ce-c6c3-3545-9eb7-d5b95f6d6633
arkjordan,fc91ba87-dbc5-3186-82f2-11e77aaf495e
samuh99999,6b1d8e05-257c-3a5c-88b1-ed606bc15509
nerocracft_pro,57c1f8e6-10d6-3aa5-aaa7-30936f0b763a
valen1092,3049973f-73ed-314e-b725-101e822c7d8e
